estacion,latitud,longitud,altitud,p_01,p_02,p_03,p_04,p_05,p_06,p_07,p_08,p_09,p_10,p_11,p_12,ppt_anual,ppt_djfm,ppt_mjjas,cv_mensual,mes_pico,frac_djfm,frac_mjjas,cluster_ward,cluster_pam,coincide_ward_pam
ANANEA,-14.676277777777775,-69.53385555555555,4660,123.02057696289702,103.3804344485345,94.6860094372901,45.04244920208198,14.949322977580886,9.291104484641089,8.964995815209264,13.486893219784253,23.556207835983162,43.515073207006054,58.34692968240131,92.39391512074853,630.6339123941582,413.4809359694701,70.24852433319866,0.7832155786222894,1,0.6556592150265409,0.11139350890044111,1,1,TRUE
ANDAHUAYLAS,-13.64861111111111,-73.36666666666666,2865,122.21026970357195,120.3752366132765,102.00223641041633,40.189741569433906,17.625744394084425,10.612718249660771,11.2540031572345,16.553397999559948,28.445764343521837,42.58154775493471,52.319785208419574,84.50718428629042,648.6776296904048,429.0949270135552,84.49162814406148,0.7829710224942885,1,0.6614917909506913,0.1302521071743863,1,1,TRUE
ANTA ANCACHURO,-13.472419444444444,-72.2187611111111,3324,160.09747719912775,142.06825433937652,120.14573419870877,45.39022728907013,9.292114922619813,5.795319973541939,5.502636093768044,7.809625840393385,18.509968554689156,52.61565314653858,90.05018156466734,124.94435790087724,782.2215510233787,547.2558236380903,46.90966538501234,0.9059649786319227,1,0.6996174203102903,0.05996979413778684,1,1,TRUE
AYMARAES,-14.291527777777778,-73.25063888888889,2964,159.71443683216324,152.42394911244796,120.94995614546335,41.093472372757915,10.138879531333421,6.347114675708444,6.114762823568236,10.153054846090114,18.98671452798415,39.02774445827475,42.0624769392535,93.7903618480756,700.8029241131206,526.8787039381501,51.74052640468437,0.991284418486058,1,0.7518214976127919,0.07383035176424668,1,1,TRUE
CANDARAVE,-17.27111111111111,-70.2538888888889,3435,60.98907999988644,64.0868435541405,34.29498450720485,3.9260799009022573,0.9097881168050546,0.8940732813218013,1.6335038130590922,1.6416055072703917,1.0474225563108968,1.271297994870455,2.4329643038799045,16.436114084991125,189.56375762064278,175.80702214622292,6.126393274767237,1.5161075284607726,2,0.9274295063197154,0.03231837853218465,2,2,TRUE
CARAVELI,-15.775680555555557,-73.3625861111111,1755,10.067644791675573,11.384078449319707,8.34934564763572,1.3772460583934116,0.3170788945886833,0.38185901774152337,0.2970403944092555,0.58370629431303,0.5148003136659071,0.48606454896680007,0.3204592491449881,1.6337910524406334,35.71311471229523,31.434859941071633,2.0944849147183993,1.4335654032253056,2,0.8802049385585882,0.05864750054963183,2,2,TRUE
CAYLLOMA,-15.188827777777778,-71.77019166666666,4327,168.23364461847606,169.073700914113,130.74022493394148,47.14106930391807,8.809959347220586,5.59998030965759,4.737107097447888,7.595977672906466,14.747647400650605,31.020963276571962,42.59695743925413,102.6447935748328,732.9420258889907,570.6923640413634,41.49067182788313,1.0489954481191703,2,0.7786323390982616,0.056608395155890806,1,1,TRUE
CORA CORA,-15.00595,-73.77916666666667,3200,105.2209049092515,126.69713890731094,100.91247829280717,22.284737473846878,3.154221714651875,2.896913054064391,2.5029516130186877,3.0649639282150876,7.903612563481328,8.547313694024993,9.371419766570172,39.480170660930966,432.036826578174,372.3106927703006,19.52266287343137,1.2991412022749549,2,0.8617568454038573,0.0451874971586453,2,2,TRUE
COTAHUASI,-15.21133611111111,-72.89325277777779,2683,77.01298399061972,90.55112255561367,69.13393479202517,15.451712688905669,1.9491329666879502,1.8128859104450357,1.4699322031128446,2.09278740143922,2.5357889105255174,5.262605564738559,5.743144473998335,26.434337951731436,299.4503694098431,263.13237928999,9.860527392210567,1.3484802806208076,2,0.8787178316345756,0.032928753474720025,2,2,TRUE
CURPAHUASI,-14.062836111111112,-72.68972222222223,3535,193.33655881988327,198.5538685409028,163.99312842619716,48.31270217716714,8.976698223742577,7.034769342185508,5.548258506407645,10.540238035873834,20.055420131797543,46.269108832663704,64.81188777846086,128.85398898950203,896.2866278047841,684.7375447764853,52.15538424000711,1.0108580194175343,2,0.7639716174875529,0.05819051921788442,1,1,TRUE
GRANJA KAYRA,-13.556747222222224,-71.87516944444444,3214,148.06679583771208,123.20959227521939,99.86390821117934,40.56372027594883,7.898446399360019,4.1090502609377495,3.324074074074074,5.692592592592592,17.408894087651586,44.831268339885774,73.90738813050234,113.24682298665914,682.1225534717229,484.38711931076995,38.43305741461602,0.9289391315673688,1,0.7101174368820368,0.05634333188223669,1,1,TRUE
GRANJA SAN ANTONIO,-13.604919444444445,-72.85693055555555,2772,202.39275837424853,199.9145180909279,149.6624306785042,57.510730879975334,14.666881287032771,8.353131963611991,7.600010378027502,14.940340053408795,26.369029145114112,56.92800447352549,80.10467750164361,139.19626412368444,957.6387769497047,691.1659712673651,71.92939282719517,0.9293616254132692,1,0.7217397497925935,0.07511119490827899,1,1,TRUE
HUAMBO,-15.732005555555556,-72.10692499999999,3312,75.66272469911206,78.61893239157244,59.80456111822303,13.504000002238827,1.383885970726509,1.539015907639768,1.2392613201818254,2.47009100864467,2.7814190516189434,5.237069899553303,4.8118811338061285,26.433246430419544,273.48608893373705,240.51946463932708,9.413673258811716,1.3361853133208947,2,0.8794577653915061,0.03442103141521233,2,2,TRUE
HUARAYA MOHO,-15.388277777777777,-69.48427777777778,3890,193.73703703703703,142.21099524073168,119.92223516890138,58.81094887875396,19.589589375016086,8.861996942382188,6.784627405577058,13.961500549633586,36.67323213282226,58.97547795736708,67.12407407407407,136.76396740411462,863.415682166411,592.6342348507847,85.87094640543117,0.8609445125999852,1,0.6863834501636523,0.09945493020229945,1,1,TRUE
IMATA,-15.842655555555556,-71.09061666666666,4475,137.5753232494484,127.79285928039185,98.82036139285083,31.822868927962045,4.268873134131441,2.5674617521401752,2.8287875552253356,4.875925925925926,8.225460647266965,14.958781754032481,25.969166438492397,70.67777777777778,530.3836478356457,434.86632170046886,22.766509014689845,1.153895234993441,1,0.8199089913028851,0.04292460581617458,1,2,FALSE
LA YARADA,-18.21065,-70.52593333333333,30,0.33431178237729176,0.34865729363666004,0.24847789677082974,0.14160858435303608,0.292979182582107,0.390359409079993,0.819278144235489,0.7147704217856244,0.6051535951143812,0.22639741813126016,0.11244248035531285,0.20170838814268863,4.436144596564674,1.13315536092747,2.8225407527975945,0.6137651162477903,7,0.2554369760185408,0.6362598628961181,3,3,TRUE
MACUSANI,-14.07,-70.43908333333334,4345,133.82922229468144,112.98759209643228,101.41875197562361,42.22202224644502,11.9794431195607,6.632402312332578,5.378267132640448,8.747212078354494,20.792183595818845,44.62180447782076,60.30721442800802,102.80986350217273,651.7259792598909,451.04542986891005,53.529508238707066,0.8649230775103719,1,0.6920783338744967,0.0821349922240263,1,1,TRUE
MAÑAZO,-14.800555555555556,-70.06658333333333,3910,160.7750565306435,142.02855196818604,113.23142402146264,47.98152086557471,7.612562329522653,4.703505141482491,3.3753240719754407,7.4555539739178895,17.53719800405952,33.833151061139155,52.34187131597743,105.3047855589306,696.1805048428721,521.3398180792228,40.684143520957996,0.9885938108314999,1,0.7488572495963374,0.05843907325463014,1,1,TRUE
PAMPA BLANCA,-17.071608333333334,-71.724525,108,1.0139873071738326,0.7043951825836056,0.24001414225343823,0.08718809718828772,0.2391511898946229,0.2557521339233373,0.4455499883065804,0.7880108356353333,0.6875560127492547,0.21192748555860155,0.18553670933422936,0.5366416793715254,5.395710763972649,2.4950383113824017,2.4160201605091287,0.652044030737812,1,0.4624114265060056,0.4477668033358979,3,3,TRUE
PAUCARAY,-14.043783333333334,-73.63881388888889,3238,142.66774830296652,152.24236881226352,129.80207508045646,49.04621254913154,12.609627323280536,11.283227186573265,11.99487447498338,15.753793458449579,24.008092841624396,39.90226229320154,49.72739180961196,97.37283159213882,736.4105057246816,522.0850237878253,75.64961528491116,0.8843151059094145,2,0.708959228214779,0.1027275068685589,1,1,TRUE
PIZACOMA,-16.90434722222222,-69.36952777777778,3930,166.24922565045816,141.81249415814503,95.50109613272102,31.40153963722895,4.778077818146759,4.9714303999305,3.9485658368995415,7.277764575213011,11.696537485467935,21.85572583742845,36.926066864678425,104.39206451974565,630.8105889160635,507.9548804610698,32.67237611565775,1.1134894031005842,1,0.8052415247719613,0.05179427341541532,1,1,TRUE
PUCARA,-15.045666666666667,-70.36663888888889,3877,155.9285877410449,132.22962962962964,118.2357502247624,50.81519204490102,9.808703600531134,4.5879093555074135,3.45,8.91633709836958,23.685571745841344,56.62854685456524,63.99566824202528,118.68302362705401,746.964920164232,525.076991222491,50.44852180024947,0.893431322371631,1,0.7029473232920289,0.0675380067234718,1,1,TRUE
PUNTA ATICO,-16.231741666666665,-73.696375,30,1.8551610863656953,0.9768344865550278,0.6834755593753649,0.21491663355867074,0.13473281066002712,0.14103337368389862,0.3857229597318257,0.6115528375675066,0.6052004456433032,0.44631191986980545,1.3824680044509428,1.3074603489959378,8.744870466458005,4.822931481292025,1.8782424272865612,0.7497080293959767,1,0.5515154855398894,0.2147821896837448,3,3,TRUE
PUNTA COLES,-17.698611111111113,-71.37330555555555,25,0.3147691311378034,0.17859228516251122,0.09856442275907623,0.1238401840015268,0.1687229137522411,0.29926534884681855,0.4956578688050734,0.364005485804964,0.787176911951546,0.4284774656053286,0.1259414688065372,0.08607724505672228,3.4710907316901487,0.6780030841161131,2.114828529160643,0.7181734786443698,9,0.19532853979474596,0.6092691584961502,3,3,TRUE
SANTO TOMAS,-14.399444444444445,-72.0886111111111,3253,173.44527367715713,161.2665497028824,151.83206371781276,54.248294095044876,9.70293538828286,5.4443474134085585,4.546630839608934,9.436425045266136,21.399191008381234,51.89939862655585,68.12810158787383,127.64802074247478,838.9972318447493,614.1919078403271,50.52952969494772,0.9423154274456599,1,0.732054748845678,0.06022609822424046,1,1,TRUE
SICUANI,-14.23736111111111,-71.23669444444444,3534,139.22608195193624,130.6666393227132,113.67142024189003,53.66408860582181,10.883768722797164,5.419087086432072,4.435092407389496,8.135346173157073,18.083845329738097,45.5990148895254,70.77632627774146,110.85911493778397,711.419825946926,494.42325645432345,46.957139719513904,0.8811967414799126,1,0.6949809921254695,0.0660048230410394,1,1,TRUE
TAMBOBAMBA,-13.944916666666668,-72.17522222222223,3317,205.49462144211424,194.19693781988659,160.29042178854718,65.00785400138595,14.452157430485588,9.229982831719074,6.626905087272287,12.630378612171157,26.414226570875503,62.159260563248296,94.50774754483822,161.10734764505764,1012.1178413376017,721.0893286956057,69.3536505325236,0.9074727643979265,1,0.7124559011257261,0.06852329610242491,1,1,TRUE
UBINAS,-16.372055555555555,-70.85394444444444,3380,90.70238290236352,91.21372012998727,60.69789682157752,16.566738380118,2.0468418254821685,2.275406858590259,2.364893657274689,3.554916511809792,3.4561017348305083,5.0116897604804915,7.497571145384735,33.97962962962963,319.3677893575286,276.59362948355795,13.698160587987417,1.3056165451638344,2,0.8660661428630003,0.042891490765377356,2,2,TRUE
