estacion,latitud,longitud,altitud,p_01,p_02,p_03,p_04,p_05,p_06,p_07,p_08,p_09,p_10,p_11,p_12,ppt_anual,ppt_djfm,ppt_mjjas,cv_mensual,mes_pico,frac_djfm,frac_mjjas,cluster_ward,cluster_pam,coincide_ward_pam,cluster_label,z_p_01,z_p_02,z_p_03,z_p_04,z_p_05,z_p_06,z_p_07,z_p_08,z_p_09,z_p_10,z_p_11,z_p_12,z_altitud,z_ppt_anual,z_frac_djfm,z_cv_mensual,PC1,PC2
ANANEA,-14.676277777777775,-69.53385555555555,4660,123.02057696289702,103.3804344485345,94.6860094372901,45.04244920208198,14.949322977580886,9.291104484641089,8.964995815209264,13.486893219784253,23.556207835983162,43.515073207006054,58.34692968240131,92.39391512074853,630.6339123941582,413.4809359694701,70.24852433319866,0.7832155786222894,1,0.6556592150265409,0.11139350890044111,1,1,TRUE,Cluster 1 (n = 18),0.07324650029753013,-0.12701146761140372,0.09226008456967033,0.5665603513333073,1.2787682368936462,1.354446518525336,1.505954505339089,1.2457789927224154,0.881624270771088,0.6436153542114867,0.5743452144897567,0.29562555559529274,1.2392032097269738,0.29529465773731434,-0.3044389975231857,-0.889233743326352,-2.5854634713292004,-1.184314691853955
ANDAHUAYLAS,-13.64861111111111,-73.36666666666666,2865,122.21026970357195,120.3752366132765,102.00223641041633,40.189741569433906,17.625744394084425,10.612718249660771,11.2540031572345,16.553397999559948,28.445764343521837,42.58154775493471,52.319785208419574,84.50718428629042,648.6776296904048,429.0949270135552,84.49162814406148,0.7829710224942885,1,0.6614917909506913,0.1302521071743863,1,1,TRUE,Cluster 1 (n = 18),0.06097292367051999,0.1520978194902513,0.2354677888180604,0.3382940949052821,1.7352334446122022,1.7447409757096277,2.2319349319879564,1.8474366047499335,1.342219652662992,0.6019808047949219,0.3834421109969558,0.14212936616742558,-0.0833643881851495,0.35188465723620616,-0.2700741561638796,-0.8902631897788622,-2.959488718105568,-1.8911833616298885
ANTA ANCACHURO,-13.472419444444444,-72.2187611111111,3324,160.09747719912775,142.06825433937652,120.14573419870877,45.39022728907013,9.292114922619813,5.795319973541939,5.502636093768044,7.809625840393385,18.509968554689156,52.61565314653858,90.05018156466734,124.94435790087724,782.2215510233787,547.2558236380903,46.90966538501234,0.9059649786319227,1,0.6996174203102903,0.05996979413778684,1,1,TRUE,Cluster 1 (n = 18),0.6348435622816795,0.5083669101170714,0.5906083106800892,0.5829194662839776,0.3139281582753766,0.32208339224359783,0.4078342234007194,0.13188177760837647,0.4062693985445384,1.0494945344428883,1.5785104873258744,0.9291413983206246,0.2548297775205132,0.7707146753104225,-0.045442497407176534,-0.3725264523636198,-2.3026019988003172,-0.31283387919155536
AYMARAES,-14.291527777777778,-73.25063888888889,2964,159.71443683216324,152.42394911244796,120.94995614546335,41.093472372757915,10.138879531333421,6.347114675708444,6.114762823568236,10.153054846090114,18.98671452798415,39.02774445827475,42.0624769392535,93.7903618480756,700.8029241131206,526.8787039381501,51.74052640468437,0.991284418486058,1,0.7518214976127919,0.07383035176424668,1,1,TRUE,Cluster 1 (n = 18),0.6290417195349012,0.6784407101846452,0.6063501375976981,0.3808046401327704,0.4583443479762214,0.4850375165569421,0.6019760316442597,0.5916697123353682,0.45117878721745364,0.44348378830411467,0.05855327010070422,0.3228040222987845,-0.010420548523143813,0.5153637417746604,0.2621376966853218,-0.013378655062547777,-1.6935955614676685,0.07251116089040525
CANDARAVE,-17.27111111111111,-70.2538888888889,3435,60.98907999988644,64.0868435541405,34.29498450720485,3.9260799009022573,0.9097881168050546,0.8940732813218013,1.6335038130590922,1.6416055072703917,1.0474225563108968,1.271297994870455,2.4329643038799045,16.436114084991125,189.56375762064278,175.80702214622292,6.126393274767237,1.5161075284607726,2,0.9274295063197154,0.03231837853218465,2,2,TRUE,Cluster 2 (n = 6),-0.8663332979851689,-0.7723385526745848,-1.089832826053809,-1.3675103590364635,-1.1156824863665393,-1.125336018705013,-0.8192978405029104,-1.0783026672485487,-1.2386994305357861,-1.2404259889671267,-1.1966675039588281,-1.1827097979289112,0.3366152947173075,-1.0880211761236736,1.2967991291494159,2.1958372544929268,3.7954422932070875,2.654077878120995
CARAVELI,-15.775680555555557,-73.3625861111111,1755,10.067644791675573,11.384078449319707,8.34934564763572,1.3772460583934116,0.3170788945886833,0.38185901774152337,0.2970403944092555,0.58370629431303,0.5148003136659071,0.48606454896680007,0.3204592491449881,1.6337910524406334,35.71311471229523,31.434859941071633,2.0944849147183993,1.4335654032253056,2,0.8802049385585882,0.05864750054963183,2,2,TRUE,Cluster 2 (n = 6),-1.6376310122693518,-1.6378873866121777,-1.5976923265839063,-1.4874048186928066,-1.2167693841799436,-1.2766013832596406,-1.243169911622425,-1.2858657268046711,-1.2888723541694438,-1.2754468238404288,-1.2635787540265908,-1.4708013060414695,-0.9012195601530921,-1.5705385899216955,1.018557611083052,1.848380420346466,5.144851943807207,1.611349113761373
CAYLLOMA,-15.188827777777778,-71.77019166666666,4327,168.23364461847606,169.073700914113,130.74022493394148,47.14106930391807,8.809959347220586,5.59998030965759,4.737107097447888,7.595977672906466,14.747647400650605,31.020963276571962,42.59695743925413,102.6447935748328,732.9420258889907,570.6923640413634,41.49067182788313,1.0489954481191703,2,0.7786323390982616,0.056608395155890806,1,1,TRUE,Cluster 1 (n = 18),0.7580806098612989,0.9518831610431355,0.7979846949074374,0.6652772307693996,0.23169624833766997,0.26439635076429807,0.1650394288375577,0.08996335402984314,0.051859393041463926,0.08638722919310522,0.07548234599177835,0.4951341750749221,0.9938466581365911,0.6161606963894195,0.4201039754512292,0.2295529582736902,-1.653661338194356,1.0367564669292944
CORA CORA,-15.00595,-73.77916666666667,3200,105.2209049092515,126.69713890731094,100.91247829280717,22.284737473846878,3.154221714651875,2.896913054064391,2.5029516130186877,3.0649639282150876,7.903612563481328,8.547313694024993,9.371419766570172,39.480170660930966,432.036826578174,372.3106927703006,19.52266287343137,1.2991412022749549,2,0.8617568454038573,0.0451874971586453,2,2,TRUE,Cluster 2 (n = 6),-0.1963618937677479,0.25592377905775765,0.2141368816739686,-0.5039384411599112,-0.7328930488981815,-0.5338642267037864,-0.5435442100208343,-0.7990353938848053,-0.5928475112855937,-0.915921033574652,-0.9768996376015295,-0.7342128290818708,0.16346577632769804,-0.32755975758572486,0.9098636475773187,1.2825286548190207,1.690820819211416,1.982834910047838
COTAHUASI,-15.21133611111111,-72.89325277777779,2683,77.01298399061972,90.55112255561367,69.13393479202517,15.451712688905669,1.9491329666879502,1.8128859104450357,1.4699322031128446,2.09278740143922,2.5357889105255174,5.262605564738559,5.743144473998335,26.434337951731436,299.4503694098431,263.13237928999,9.860527392210567,1.3484802806208076,2,0.8787178316345756,0.032928753474720025,2,2,TRUE,Cluster 2 (n = 6),-0.6236221396796995,-0.337710013068245,-0.40789579662058767,-0.8253567308678574,-0.9384216260746676,-0.8539954153991869,-0.8711761307102949,-0.9897794003598123,-1.0984955760026411,-1.0624166032715743,-1.0918212255389472,-0.9881184904779017,-0.2174631641294428,-0.7433869079189008,1.0097957545392884,1.4902189694656325,2.973850467823278,1.9814394618330218
CURPAHUASI,-14.062836111111112,-72.68972222222223,3535,193.33655881988327,198.5538685409028,163.99312842619716,48.31270217716714,8.976698223742577,7.034769342185508,5.548258506407645,10.540238035873834,20.055420131797543,46.269108832663704,64.81188777846086,128.85398898950203,896.2866278047841,684.7375447764853,52.15538424000711,1.0108580194175343,2,0.7639716174875529,0.05819051921788442,1,1,TRUE,Cluster 1 (n = 18),1.1383098839626564,1.4360422874742202,1.448876470984249,0.7203896072260528,0.26013365936608707,0.6881133408912278,0.42230380503322923,0.6676362377811593,0.5518506712542808,0.7664433200660915,0.779115577937397,1.0052329357103196,0.4102959408405456,1.128453744922398,0.33372475314589106,0.06901541212552,-3.0952946776414687,0.5809667896512952
GRANJA KAYRA,-13.556747222222224,-71.87516944444444,3214,148.06679583771208,123.20959227521939,99.86390821117934,40.56372027594883,7.898446399360019,4.1090502609377495,3.324074074074074,5.692592592592592,17.408894087651586,44.831268339885774,73.90738813050234,113.24682298665914,682.1225534717229,484.38711931076995,38.43305741461602,0.9289391315673688,1,0.7101174368820368,0.05634333188223669,1,1,TRUE,Cluster 1 (n = 18),0.45261702060233194,0.19864705145710843,0.19361218845640657,0.3558856594054029,0.07623719225715048,-0.17590001226290886,-0.28311741991690587,-0.2834866173327379,0.3025483731601963,0.7023166902919676,1.0672054441286225,0.7014771008163875,0.17378106678495137,0.45677702442148455,0.016422347294474157,-0.27581793627713586,-1.0969571913980094,-0.06805242102744162
GRANJA SAN ANTONIO,-13.604919444444445,-72.85693055555555,2772,202.39275837424853,199.9145180909279,149.6624306785042,57.510730879975334,14.666881287032771,8.353131963611991,7.600010378027502,14.940340053408795,26.369029145114112,56.92800447352549,80.10467750164361,139.19626412368444,957.6387769497047,691.1659712673651,71.92939282719517,0.9293616254132692,1,0.7217397497925935,0.07511119490827899,1,1,TRUE,Cluster 1 (n = 18),1.2754824908976836,1.4583885273551749,1.1683676332646138,1.1530551905350188,1.2305976445685958,1.0774476814684435,1.0730364050511516,1.5309497046335392,1.1465915542200782,1.2418222358747548,1.2634976981638462,1.2065203710790533,-0.1518873890797609,1.320870752591278,0.08489962810375445,-0.27403947014576213,-4.351588394130545,-0.5268921769824352
HUAMBO,-15.732005555555556,-72.10692499999999,3312,75.66272469911206,78.61893239157244,59.80456111822303,13.504000002238827,1.383885970726509,1.539015907639768,1.2392613201818254,2.47009100864467,2.7814190516189434,5.237069899553303,4.8118811338061285,26.433246430419544,273.48608893373705,240.51946463932708,9.413673258811716,1.3361853133208947,2,0.8794577653915061,0.03442103141521233,2,2,TRUE,Cluster 2 (n = 6),-0.6440742714975181,-0.5336749356347613,-0.5905088006741898,-0.9169750844219946,-1.034824825448591,-0.9348737679959084,-0.9443355928628134,-0.9157512792175375,-1.0753572589657778,-1.0635554751809382,-1.1213179569644536,-0.9881397343070081,0.24598809998572468,-0.8248179453824266,1.0141553559407934,1.4384639364836809,3.0781984720579727,2.076288800283369
HUARAYA MOHO,-15.388277777777777,-69.48427777777778,3890,193.73703703703703,142.21099524073168,119.92223516890138,58.81094887875396,19.589589375016086,8.861996942382188,6.784627405577058,13.961500549633586,36.67323213282226,58.97547795736708,67.12407407407407,136.76396740411462,863.415682166411,592.6342348507847,85.87094640543117,0.8609445125999852,1,0.6863834501636523,0.09945493020229945,1,1,TRUE,Cluster 1 (n = 18),1.1443758546535512,0.5107111746063714,0.5862335444135389,1.2142160758776162,2.0701683325264906,1.227723946687467,0.8144299482898308,1.338898401702692,2.1172457030979337,1.3331380492282767,0.8523515094123364,1.1591815832025019,0.6718622345780407,1.025361529129892,-0.12341547033667168,-0.56203779041836,-4.32906135500496,-0.9944450822789377
IMATA,-15.842655555555556,-71.09061666666666,4475,137.5753232494484,127.79285928039185,98.82036139285083,31.822868927962045,4.268873134131441,2.5674617521401752,2.8287875552253356,4.875925925925926,8.225460647266965,14.958781754032481,25.969166438492397,70.67777777777778,530.3836478356457,434.86632170046886,22.766509014689845,1.153895234993441,1,0.8199089913028851,0.04292460581617458,1,2,FALSE,Cluster 1 (n = 18),0.29370459416117506,0.27391903014857927,0.1731858205105417,-0.05527478260746511,-0.5427886099674782,-0.6311566584690192,-0.4402022451447295,-0.4437191138642061,-0.5625294771583952,-0.6299742678117959,-0.4511844561693508,-0.1270266689074662,1.1028940143989834,-0.01911740758085002,0.663301084807633,0.6711232200763434,0.6003731262049556,1.7409605667756942
LA YARADA,-18.21065,-70.52593333333333,30,0.33431178237729176,0.34865729363666004,0.24847789677082974,0.14160858435303608,0.292979182582107,0.390359409079993,0.819278144235489,0.7147704217856244,0.6051535951143812,0.22639741813126016,0.11244248035531285,0.20170838814268863,4.436144596564674,1.13315536092747,2.8225407527975945,0.6137651162477903,7,0.2554369760185408,0.6362598628961181,3,3,TRUE,Cluster 3 (n = 4),-1.7850600364463456,-1.8191244790932701,-1.7562585762755096,-1.5455279041644658,-1.2208796038857068,-1.2740910767607878,-1.077537247423302,-1.2601505443344845,-1.2803610905998781,-1.2870277871303337,-1.2701674540174273,-1.4986733402885397,-2.172210705778949,-1.6686316654291589,-2.6625006723019076,-1.6025267562375225,5.640608639972832,-3.1443668537153435
MACUSANI,-14.07,-70.43908333333334,4345,133.82922229468144,112.98759209643228,101.41875197562361,42.22202224644502,11.9794431195607,6.632402312332578,5.378267132640448,8.747212078354494,20.792183595818845,44.62180447782076,60.30721442800802,102.80986350217273,651.7259792598909,451.04542986891005,53.529508238707066,0.8649230775103719,1,0.6920783338744967,0.0821349922240263,1,1,TRUE,Cluster 1 (n = 18),0.23696308457733595,0.030768946434308695,0.22404667426294017,0.4338904376627364,0.7722535236534014,0.5692876857248969,0.36838942573510625,0.31583906367619985,0.6212536628245156,0.6929747559110893,0.636435055422123,0.4983468629892998,1.007109174438774,0.36144510965171517,-0.08986189506771891,-0.5452902258958127,-1.788604798233308,-0.40805331098726894
MAÑAZO,-14.800555555555556,-70.06658333333333,3910,160.7750565306435,142.02855196818604,113.23142402146264,47.98152086557471,7.612562329522653,4.703505141482491,3.3753240719754407,7.4555539739178895,17.53719800405952,33.833151061139155,52.34187131597743,105.3047855589306,696.1805048428721,521.3398180792228,40.684143520957996,0.9885938108314999,1,0.7488572495963374,0.05843907325463014,1,1,TRUE,Cluster 1 (n = 18),0.6451067331351206,0.5077148695453834,0.45526771906342567,0.7048111871111624,0.027479500169848847,-3.476299681407957e-4,-0.26686299615028364,0.06241179501622309,0.3146345800145449,0.21180873861786892,0.38414166391045756,0.5469045019743487,0.6865983638026883,0.500866579139473,0.24467270108821146,-0.02470462970781034,-1.2960450967620318,0.57173987704825
PAMPA BLANCA,-17.071608333333334,-71.724525,108,1.0139873071738326,0.7043951825836056,0.24001414225343823,0.08718809718828772,0.2391511898946229,0.2557521339233373,0.4455499883065804,0.7880108356353333,0.6875560127492547,0.21192748555860155,0.18553670933422936,0.5366416793715254,5.395710763972649,2.4950383113824017,2.4160201605091287,0.652044030737812,1,0.4624114265060056,0.4477668033358979,3,3,TRUE,Cluster 3 (n = 4),-1.7747651149346688,-1.8132821193166426,-1.7564242456646921,-1.5480877865679534,-1.2300599989130578,-1.3138428369049788,-1.1960686829109266,-1.2457805512428886,-1.2725987970338188,-1.2876731354938025,-1.2678522755411645,-1.4921546717812364,-2.114739801802823,-1.6656222052363823,-1.4430319077410234,-1.4413936329344272,5.569263057300121,-2.298900734368087
PAUCARAY,-14.043783333333334,-73.63881388888889,3238,142.66774830296652,152.24236881226352,129.80207508045646,49.04621254913154,12.609627323280536,11.283227186573265,11.99487447498338,15.753793458449579,24.008092841624396,39.90226229320154,49.72739180961196,97.37283159213882,736.4105057246816,522.0850237878253,75.64961528491116,0.8843151059094145,2,0.708959228214779,0.1027275068685589,1,1,TRUE,Cluster 1 (n = 18),0.37083862991413247,0.6754585779041457,0.7796213653863545,0.7548931626294254,0.8797318010570103,1.9427533818270695,2.4669093095167596,1.6905517494111415,0.9241917605676875,0.4824866413416384,0.3013309309110935,0.3925281533736995,0.1914644218545285,0.6270387914593579,0.009598320032954183,-0.4636604789515887,-3.3194351544140557,-0.9811865163149989
PIZACOMA,-16.90434722222222,-69.36952777777778,3930,166.24922565045816,141.81249415814503,95.50109613272102,31.40153963722895,4.778077818146759,4.9714303999305,3.9485658368995415,7.277764575213011,11.696537485467935,21.85572583742845,36.926066864678425,104.39206451974565,630.8105889160635,507.9548804610698,32.67237611565775,1.1134894031005842,1,0.8052415247719613,0.05179427341541532,1,1,TRUE,Cluster 1 (n = 18),0.7280229768044916,0.5041665057133878,0.10821457789591982,-0.07509366872210964,-0.4559434590405497,0.07877514105594077,-0.08505392396777933,0.027528971492168455,-0.23555463610637714,-0.3223756280250696,-0.10413681112780862,0.5291405888313486,0.701334493027336,0.29584876330890664,0.5768821222372407,0.5010369472732574,-0.4377098861272405,1.255717205022128
PUCARA,-15.045666666666667,-70.36663888888889,3877,155.9285877410449,132.22962962962964,118.2357502247624,50.81519204490102,9.808703600531134,4.5879093555074135,3.45,8.91633709836958,23.685571745841344,56.62854685456524,63.99566824202528,118.68302362705401,746.964920164232,525.076991222491,50.44852180024947,0.893431322371631,1,0.7029473232920289,0.0675380067234718,1,1,TRUE,Cluster 1 (n = 18),0.5716981521616551,0.3467850627864073,0.553222316360233,0.8381040951159733,0.4020326535965578,-0.03448498214626574,-0.2431788160725982,0.3490219096145081,0.8938103288261062,1.228466646043644,0.7532627311523808,0.807279631773852,0.6622837505820198,0.6601403025304441,-0.02582310638724798,-0.425286234257504,-2.1213264076766922,-0.15869782880376232
PUNTA ATICO,-16.231741666666665,-73.696375,30,1.8551610863656953,0.9768344865550278,0.6834755593753649,0.21491663355867074,0.13473281066002712,0.14103337368389862,0.3857229597318257,0.6115528375675066,0.6052004456433032,0.44631191986980545,1.3824680044509428,1.3074603489959378,8.744870466458005,4.822931481292025,1.8782424272865612,0.7497080293959767,1,0.5515154855398894,0.2147821896837448,3,3,TRUE,Cluster 3 (n = 4),-1.7620240087471932,-1.8088077900968715,-1.747743939312519,-1.5420795707339432,-1.2478686133835033,-1.3477211888422713,-1.215043393446982,-1.280402149891892,-1.280356677288113,-1.2772197618968095,-1.2299408068694198,-1.4771525459307815,-2.172210705778949,-1.6551183305206782,-0.9180414244640004,-1.030282049763448,5.563579075888251,-1.75534864930935
PUNTA COLES,-17.698611111111113,-71.37330555555555,25,0.3147691311378034,0.17859228516251122,0.09856442275907623,0.1238401840015268,0.1687229137522411,0.29926534884681855,0.4956578688050734,0.364005485804964,0.787176911951546,0.4284774656053286,0.1259414688065372,0.08607724505672228,3.4710907316901487,0.6780030841161131,2.114828529160643,0.7181734786443698,9,0.19532853979474596,0.6092691584961502,3,3,TRUE,Cluster 3 (n = 4),-1.7853560454290156,-1.8219174932640754,-1.7591929801052408,-1.5463637110042732,-1.2420715818051833,-1.300992663088387,-1.1801764925300164,-1.32897169705434,-1.263214525466091,-1.278015165456235,-1.2697398885591116,-1.5009238215355143,-2.175894738085111,-1.67165833653207,-3.016652405952517,-1.1630251205182611,5.746948100024191,-3.0642326321470814
SANTO TOMAS,-14.399444444444445,-72.0886111111111,3253,173.44527367715713,161.2665497028824,151.83206371781276,54.248294095044876,9.70293538828286,5.4443474134085585,4.546630839608934,9.436425045266136,21.399191008381234,51.89939862655585,68.12810158787383,127.64802074247478,838.9972318447493,614.1919078403271,50.52952969494772,0.9423154274456599,1,0.732054748845678,0.06022609822424046,1,1,TRUE,Cluster 1 (n = 18),0.8370202069920878,0.8236646394187929,1.2108359940415718,0.9995935999955575,0.3839938243313965,0.21843537610644845,0.10462807392680576,0.4510647546926642,0.6784336566684007,1.0175501089953647,0.8841529651769946,0.9817616731079608,0.20251651877301421,0.948778634996764,0.14567437166309782,-0.21951110621649772,-2.6730966694431286,0.07954226046568957
SICUANI,-14.23736111111111,-71.23669444444444,3534,139.22608195193624,130.6666393227132,113.67142024189003,53.66408860582181,10.883768722797164,5.419087086432072,4.435092407389496,8.135346173157073,18.083845329738097,45.5990148895254,70.77632627774146,110.85911493778397,711.419825946926,494.42325645432345,46.957139719513904,0.8811967414799126,1,0.6949809921254695,0.0660048230410394,1,1,TRUE,Cluster 1 (n = 18),0.3187083358832524,0.3211157371842949,0.4638801977135311,0.9721131890364323,0.5853856268317014,0.21097558273373143,0.0692526004087657,0.19578910261627813,0.3661286640573237,0.7365576224373563,0.9680325393641395,0.6550061238474152,0.4095591343793132,0.5486612302905001,-0.07275977901948408,-0.4767870737575597,-1.858004294879545,-0.3423065618188818
TAMBOBAMBA,-13.944916666666668,-72.17522222222223,3317,205.49462144211424,194.19693781988659,160.29042178854718,65.00785400138595,14.452157430485588,9.229982831719074,6.626905087272287,12.630378612171157,26.414226570875503,62.159260563248296,94.50774754483822,161.10734764505764,1012.1178413376017,721.0893286956057,69.3536505325236,0.9074727643979265,1,0.7124559011257261,0.06852329610242491,1,1,TRUE,Cluster 1 (n = 18),1.3224658464234047,1.3644874782033587,1.3763997532674734,1.505711966597691,1.1939763676737996,1.3363962810196384,0.7644068165013425,1.0777282083630064,1.1508491439517854,1.4751324147188394,1.7196989362359725,1.632966752648459,0.2496721322918866,1.4917318992050352,0.030200299575566657,-0.3661795056702525,-4.797081928783091,-0.43514790033594564
UBINAS,-16.372055555555555,-70.85394444444444,3380,90.70238290236352,91.21372012998727,60.69789682157752,16.566738380118,2.0468418254821685,2.275406858590259,2.364893657274689,3.554916511809792,3.4561017348305083,5.0116897604804915,7.497571145384735,33.97962962962963,319.3677893575286,276.59362948355795,13.698160587987417,1.3056165451638344,2,0.8660661428630003,0.042891490765377356,2,2,TRUE,Cluster 2 (n = 6),-0.41627130505809695,-0.3268280307523593,-0.5730226625772668,-0.7729070966385603,-0.9217573241637556,-0.7174053108083682,-0.5873306023897731,-0.7029051992095943,-1.0118022662684718,-1.0736072638246421,-1.0362517103458024,-0.8412675905309976,0.29609093934952657,-0.6809204678637135,0.935253513989573,1.3097862779267926,2.5550809468938738,1.9217781099355855
