estacion,latitud,longitud,altitud,mes,ppt_media_mensual
ANANEA,-14.676277777777775,-69.53385555555555,4660,1,123.02057696289702
ANANEA,-14.676277777777775,-69.53385555555555,4660,2,103.3804344485345
ANANEA,-14.676277777777775,-69.53385555555555,4660,3,94.6860094372901
ANANEA,-14.676277777777775,-69.53385555555555,4660,4,45.04244920208198
ANANEA,-14.676277777777775,-69.53385555555555,4660,5,14.949322977580886
ANANEA,-14.676277777777775,-69.53385555555555,4660,6,9.291104484641089
ANANEA,-14.676277777777775,-69.53385555555555,4660,7,8.964995815209264
ANANEA,-14.676277777777775,-69.53385555555555,4660,8,13.486893219784253
ANANEA,-14.676277777777775,-69.53385555555555,4660,9,23.556207835983162
ANANEA,-14.676277777777775,-69.53385555555555,4660,10,43.515073207006054
ANANEA,-14.676277777777775,-69.53385555555555,4660,11,58.34692968240131
ANANEA,-14.676277777777775,-69.53385555555555,4660,12,92.39391512074853
ANDAHUAYLAS,-13.64861111111111,-73.36666666666666,2865,1,122.21026970357195
ANDAHUAYLAS,-13.64861111111111,-73.36666666666666,2865,2,120.3752366132765
ANDAHUAYLAS,-13.64861111111111,-73.36666666666666,2865,3,102.00223641041633
ANDAHUAYLAS,-13.64861111111111,-73.36666666666666,2865,4,40.189741569433906
ANDAHUAYLAS,-13.64861111111111,-73.36666666666666,2865,5,17.625744394084425
ANDAHUAYLAS,-13.64861111111111,-73.36666666666666,2865,6,10.612718249660771
ANDAHUAYLAS,-13.64861111111111,-73.36666666666666,2865,7,11.2540031572345
ANDAHUAYLAS,-13.64861111111111,-73.36666666666666,2865,8,16.553397999559948
ANDAHUAYLAS,-13.64861111111111,-73.36666666666666,2865,9,28.445764343521837
ANDAHUAYLAS,-13.64861111111111,-73.36666666666666,2865,10,42.58154775493471
ANDAHUAYLAS,-13.64861111111111,-73.36666666666666,2865,11,52.319785208419574
ANDAHUAYLAS,-13.64861111111111,-73.36666666666666,2865,12,84.50718428629042
ANTA ANCACHURO,-13.472419444444444,-72.2187611111111,3324,1,160.09747719912775
ANTA ANCACHURO,-13.472419444444444,-72.2187611111111,3324,2,142.06825433937652
ANTA ANCACHURO,-13.472419444444444,-72.2187611111111,3324,3,120.14573419870877
ANTA ANCACHURO,-13.472419444444444,-72.2187611111111,3324,4,45.39022728907013
ANTA ANCACHURO,-13.472419444444444,-72.2187611111111,3324,5,9.292114922619813
ANTA ANCACHURO,-13.472419444444444,-72.2187611111111,3324,6,5.795319973541939
ANTA ANCACHURO,-13.472419444444444,-72.2187611111111,3324,7,5.502636093768044
ANTA ANCACHURO,-13.472419444444444,-72.2187611111111,3324,8,7.809625840393385
ANTA ANCACHURO,-13.472419444444444,-72.2187611111111,3324,9,18.509968554689156
ANTA ANCACHURO,-13.472419444444444,-72.2187611111111,3324,10,52.61565314653858
ANTA ANCACHURO,-13.472419444444444,-72.2187611111111,3324,11,90.05018156466734
ANTA ANCACHURO,-13.472419444444444,-72.2187611111111,3324,12,124.94435790087724
AYMARAES,-14.291527777777778,-73.25063888888889,2964,1,159.71443683216324
AYMARAES,-14.291527777777778,-73.25063888888889,2964,2,152.42394911244796
AYMARAES,-14.291527777777778,-73.25063888888889,2964,3,120.94995614546335
AYMARAES,-14.291527777777778,-73.25063888888889,2964,4,41.093472372757915
AYMARAES,-14.291527777777778,-73.25063888888889,2964,5,10.138879531333421
AYMARAES,-14.291527777777778,-73.25063888888889,2964,6,6.347114675708444
AYMARAES,-14.291527777777778,-73.25063888888889,2964,7,6.114762823568236
AYMARAES,-14.291527777777778,-73.25063888888889,2964,8,10.153054846090114
AYMARAES,-14.291527777777778,-73.25063888888889,2964,9,18.98671452798415
AYMARAES,-14.291527777777778,-73.25063888888889,2964,10,39.02774445827475
AYMARAES,-14.291527777777778,-73.25063888888889,2964,11,42.0624769392535
AYMARAES,-14.291527777777778,-73.25063888888889,2964,12,93.7903618480756
CANDARAVE,-17.27111111111111,-70.2538888888889,3435,1,60.98907999988644
CANDARAVE,-17.27111111111111,-70.2538888888889,3435,2,64.0868435541405
CANDARAVE,-17.27111111111111,-70.2538888888889,3435,3,34.29498450720485
CANDARAVE,-17.27111111111111,-70.2538888888889,3435,4,3.9260799009022573
CANDARAVE,-17.27111111111111,-70.2538888888889,3435,5,0.9097881168050546
CANDARAVE,-17.27111111111111,-70.2538888888889,3435,6,0.8940732813218013
CANDARAVE,-17.27111111111111,-70.2538888888889,3435,7,1.6335038130590922
CANDARAVE,-17.27111111111111,-70.2538888888889,3435,8,1.6416055072703917
CANDARAVE,-17.27111111111111,-70.2538888888889,3435,9,1.0474225563108968
CANDARAVE,-17.27111111111111,-70.2538888888889,3435,10,1.271297994870455
CANDARAVE,-17.27111111111111,-70.2538888888889,3435,11,2.4329643038799045
CANDARAVE,-17.27111111111111,-70.2538888888889,3435,12,16.436114084991125
CARAVELI,-15.775680555555557,-73.3625861111111,1755,1,10.067644791675573
CARAVELI,-15.775680555555557,-73.3625861111111,1755,2,11.384078449319707
CARAVELI,-15.775680555555557,-73.3625861111111,1755,3,8.34934564763572
CARAVELI,-15.775680555555557,-73.3625861111111,1755,4,1.3772460583934116
CARAVELI,-15.775680555555557,-73.3625861111111,1755,5,0.3170788945886833
CARAVELI,-15.775680555555557,-73.3625861111111,1755,6,0.38185901774152337
CARAVELI,-15.775680555555557,-73.3625861111111,1755,7,0.2970403944092555
CARAVELI,-15.775680555555557,-73.3625861111111,1755,8,0.58370629431303
CARAVELI,-15.775680555555557,-73.3625861111111,1755,9,0.5148003136659071
CARAVELI,-15.775680555555557,-73.3625861111111,1755,10,0.48606454896680007
CARAVELI,-15.775680555555557,-73.3625861111111,1755,11,0.3204592491449881
CARAVELI,-15.775680555555557,-73.3625861111111,1755,12,1.6337910524406334
CAYLLOMA,-15.188827777777778,-71.77019166666666,4327,1,168.23364461847606
CAYLLOMA,-15.188827777777778,-71.77019166666666,4327,2,169.073700914113
CAYLLOMA,-15.188827777777778,-71.77019166666666,4327,3,130.74022493394148
CAYLLOMA,-15.188827777777778,-71.77019166666666,4327,4,47.14106930391807
CAYLLOMA,-15.188827777777778,-71.77019166666666,4327,5,8.809959347220586
CAYLLOMA,-15.188827777777778,-71.77019166666666,4327,6,5.59998030965759
CAYLLOMA,-15.188827777777778,-71.77019166666666,4327,7,4.737107097447888
CAYLLOMA,-15.188827777777778,-71.77019166666666,4327,8,7.595977672906466
CAYLLOMA,-15.188827777777778,-71.77019166666666,4327,9,14.747647400650605
CAYLLOMA,-15.188827777777778,-71.77019166666666,4327,10,31.020963276571962
CAYLLOMA,-15.188827777777778,-71.77019166666666,4327,11,42.59695743925413
CAYLLOMA,-15.188827777777778,-71.77019166666666,4327,12,102.6447935748328
CORA CORA,-15.00595,-73.77916666666667,3200,1,105.2209049092515
CORA CORA,-15.00595,-73.77916666666667,3200,2,126.69713890731094
CORA CORA,-15.00595,-73.77916666666667,3200,3,100.91247829280717
CORA CORA,-15.00595,-73.77916666666667,3200,4,22.284737473846878
CORA CORA,-15.00595,-73.77916666666667,3200,5,3.154221714651875
CORA CORA,-15.00595,-73.77916666666667,3200,6,2.896913054064391
CORA CORA,-15.00595,-73.77916666666667,3200,7,2.5029516130186877
CORA CORA,-15.00595,-73.77916666666667,3200,8,3.0649639282150876
CORA CORA,-15.00595,-73.77916666666667,3200,9,7.903612563481328
CORA CORA,-15.00595,-73.77916666666667,3200,10,8.547313694024993
CORA CORA,-15.00595,-73.77916666666667,3200,11,9.371419766570172
CORA CORA,-15.00595,-73.77916666666667,3200,12,39.480170660930966
COTAHUASI,-15.21133611111111,-72.89325277777779,2683,1,77.01298399061972
COTAHUASI,-15.21133611111111,-72.89325277777779,2683,2,90.55112255561367
COTAHUASI,-15.21133611111111,-72.89325277777779,2683,3,69.13393479202517
COTAHUASI,-15.21133611111111,-72.89325277777779,2683,4,15.451712688905669
COTAHUASI,-15.21133611111111,-72.89325277777779,2683,5,1.9491329666879502
COTAHUASI,-15.21133611111111,-72.89325277777779,2683,6,1.8128859104450357
COTAHUASI,-15.21133611111111,-72.89325277777779,2683,7,1.4699322031128446
COTAHUASI,-15.21133611111111,-72.89325277777779,2683,8,2.09278740143922
COTAHUASI,-15.21133611111111,-72.89325277777779,2683,9,2.5357889105255174
COTAHUASI,-15.21133611111111,-72.89325277777779,2683,10,5.262605564738559
COTAHUASI,-15.21133611111111,-72.89325277777779,2683,11,5.743144473998335
COTAHUASI,-15.21133611111111,-72.89325277777779,2683,12,26.434337951731436
CURPAHUASI,-14.062836111111112,-72.68972222222223,3535,1,193.33655881988327
CURPAHUASI,-14.062836111111112,-72.68972222222223,3535,2,198.5538685409028
CURPAHUASI,-14.062836111111112,-72.68972222222223,3535,3,163.99312842619716
CURPAHUASI,-14.062836111111112,-72.68972222222223,3535,4,48.31270217716714
CURPAHUASI,-14.062836111111112,-72.68972222222223,3535,5,8.976698223742577
CURPAHUASI,-14.062836111111112,-72.68972222222223,3535,6,7.034769342185508
CURPAHUASI,-14.062836111111112,-72.68972222222223,3535,7,5.548258506407645
CURPAHUASI,-14.062836111111112,-72.68972222222223,3535,8,10.540238035873834
CURPAHUASI,-14.062836111111112,-72.68972222222223,3535,9,20.055420131797543
CURPAHUASI,-14.062836111111112,-72.68972222222223,3535,10,46.269108832663704
CURPAHUASI,-14.062836111111112,-72.68972222222223,3535,11,64.81188777846086
CURPAHUASI,-14.062836111111112,-72.68972222222223,3535,12,128.85398898950203
GRANJA KAYRA,-13.556747222222224,-71.87516944444444,3214,1,148.06679583771208
GRANJA KAYRA,-13.556747222222224,-71.87516944444444,3214,2,123.20959227521939
GRANJA KAYRA,-13.556747222222224,-71.87516944444444,3214,3,99.86390821117934
GRANJA KAYRA,-13.556747222222224,-71.87516944444444,3214,4,40.56372027594883
GRANJA KAYRA,-13.556747222222224,-71.87516944444444,3214,5,7.898446399360019
GRANJA KAYRA,-13.556747222222224,-71.87516944444444,3214,6,4.1090502609377495
GRANJA KAYRA,-13.556747222222224,-71.87516944444444,3214,7,3.324074074074074
GRANJA KAYRA,-13.556747222222224,-71.87516944444444,3214,8,5.692592592592592
GRANJA KAYRA,-13.556747222222224,-71.87516944444444,3214,9,17.408894087651586
GRANJA KAYRA,-13.556747222222224,-71.87516944444444,3214,10,44.831268339885774
GRANJA KAYRA,-13.556747222222224,-71.87516944444444,3214,11,73.90738813050234
GRANJA KAYRA,-13.556747222222224,-71.87516944444444,3214,12,113.24682298665914
GRANJA SAN ANTONIO,-13.604919444444445,-72.85693055555555,2772,1,202.39275837424853
GRANJA SAN ANTONIO,-13.604919444444445,-72.85693055555555,2772,2,199.9145180909279
GRANJA SAN ANTONIO,-13.604919444444445,-72.85693055555555,2772,3,149.6624306785042
GRANJA SAN ANTONIO,-13.604919444444445,-72.85693055555555,2772,4,57.510730879975334
GRANJA SAN ANTONIO,-13.604919444444445,-72.85693055555555,2772,5,14.666881287032771
GRANJA SAN ANTONIO,-13.604919444444445,-72.85693055555555,2772,6,8.353131963611991
GRANJA SAN ANTONIO,-13.604919444444445,-72.85693055555555,2772,7,7.600010378027502
GRANJA SAN ANTONIO,-13.604919444444445,-72.85693055555555,2772,8,14.940340053408795
GRANJA SAN ANTONIO,-13.604919444444445,-72.85693055555555,2772,9,26.369029145114112
GRANJA SAN ANTONIO,-13.604919444444445,-72.85693055555555,2772,10,56.92800447352549
GRANJA SAN ANTONIO,-13.604919444444445,-72.85693055555555,2772,11,80.10467750164361
GRANJA SAN ANTONIO,-13.604919444444445,-72.85693055555555,2772,12,139.19626412368444
HUAMBO,-15.732005555555556,-72.10692499999999,3312,1,75.66272469911206
HUAMBO,-15.732005555555556,-72.10692499999999,3312,2,78.61893239157244
HUAMBO,-15.732005555555556,-72.10692499999999,3312,3,59.80456111822303
HUAMBO,-15.732005555555556,-72.10692499999999,3312,4,13.504000002238827
HUAMBO,-15.732005555555556,-72.10692499999999,3312,5,1.383885970726509
HUAMBO,-15.732005555555556,-72.10692499999999,3312,6,1.539015907639768
HUAMBO,-15.732005555555556,-72.10692499999999,3312,7,1.2392613201818254
HUAMBO,-15.732005555555556,-72.10692499999999,3312,8,2.47009100864467
HUAMBO,-15.732005555555556,-72.10692499999999,3312,9,2.7814190516189434
HUAMBO,-15.732005555555556,-72.10692499999999,3312,10,5.237069899553303
HUAMBO,-15.732005555555556,-72.10692499999999,3312,11,4.8118811338061285
HUAMBO,-15.732005555555556,-72.10692499999999,3312,12,26.433246430419544
HUARAYA MOHO,-15.388277777777777,-69.48427777777778,3890,1,193.73703703703703
HUARAYA MOHO,-15.388277777777777,-69.48427777777778,3890,2,142.21099524073168
HUARAYA MOHO,-15.388277777777777,-69.48427777777778,3890,3,119.92223516890138
HUARAYA MOHO,-15.388277777777777,-69.48427777777778,3890,4,58.81094887875396
HUARAYA MOHO,-15.388277777777777,-69.48427777777778,3890,5,19.589589375016086
HUARAYA MOHO,-15.388277777777777,-69.48427777777778,3890,6,8.861996942382188
HUARAYA MOHO,-15.388277777777777,-69.48427777777778,3890,7,6.784627405577058
HUARAYA MOHO,-15.388277777777777,-69.48427777777778,3890,8,13.961500549633586
HUARAYA MOHO,-15.388277777777777,-69.48427777777778,3890,9,36.67323213282226
HUARAYA MOHO,-15.388277777777777,-69.48427777777778,3890,10,58.97547795736708
HUARAYA MOHO,-15.388277777777777,-69.48427777777778,3890,11,67.12407407407407
HUARAYA MOHO,-15.388277777777777,-69.48427777777778,3890,12,136.76396740411462
IMATA,-15.842655555555556,-71.09061666666666,4475,1,137.5753232494484
IMATA,-15.842655555555556,-71.09061666666666,4475,2,127.79285928039185
IMATA,-15.842655555555556,-71.09061666666666,4475,3,98.82036139285083
IMATA,-15.842655555555556,-71.09061666666666,4475,4,31.822868927962045
IMATA,-15.842655555555556,-71.09061666666666,4475,5,4.268873134131441
IMATA,-15.842655555555556,-71.09061666666666,4475,6,2.5674617521401752
IMATA,-15.842655555555556,-71.09061666666666,4475,7,2.8287875552253356
IMATA,-15.842655555555556,-71.09061666666666,4475,8,4.875925925925926
IMATA,-15.842655555555556,-71.09061666666666,4475,9,8.225460647266965
IMATA,-15.842655555555556,-71.09061666666666,4475,10,14.958781754032481
IMATA,-15.842655555555556,-71.09061666666666,4475,11,25.969166438492397
IMATA,-15.842655555555556,-71.09061666666666,4475,12,70.67777777777778
LA YARADA,-18.21065,-70.52593333333333,30,1,0.33431178237729176
LA YARADA,-18.21065,-70.52593333333333,30,2,0.34865729363666004
LA YARADA,-18.21065,-70.52593333333333,30,3,0.24847789677082974
LA YARADA,-18.21065,-70.52593333333333,30,4,0.14160858435303608
LA YARADA,-18.21065,-70.52593333333333,30,5,0.292979182582107
LA YARADA,-18.21065,-70.52593333333333,30,6,0.390359409079993
LA YARADA,-18.21065,-70.52593333333333,30,7,0.819278144235489
LA YARADA,-18.21065,-70.52593333333333,30,8,0.7147704217856244
LA YARADA,-18.21065,-70.52593333333333,30,9,0.6051535951143812
LA YARADA,-18.21065,-70.52593333333333,30,10,0.22639741813126016
LA YARADA,-18.21065,-70.52593333333333,30,11,0.11244248035531285
LA YARADA,-18.21065,-70.52593333333333,30,12,0.20170838814268863
MACUSANI,-14.07,-70.43908333333334,4345,1,133.82922229468144
MACUSANI,-14.07,-70.43908333333334,4345,2,112.98759209643228
MACUSANI,-14.07,-70.43908333333334,4345,3,101.41875197562361
MACUSANI,-14.07,-70.43908333333334,4345,4,42.22202224644502
MACUSANI,-14.07,-70.43908333333334,4345,5,11.9794431195607
MACUSANI,-14.07,-70.43908333333334,4345,6,6.632402312332578
MACUSANI,-14.07,-70.43908333333334,4345,7,5.378267132640448
MACUSANI,-14.07,-70.43908333333334,4345,8,8.747212078354494
MACUSANI,-14.07,-70.43908333333334,4345,9,20.792183595818845
MACUSANI,-14.07,-70.43908333333334,4345,10,44.62180447782076
MACUSANI,-14.07,-70.43908333333334,4345,11,60.30721442800802
MACUSANI,-14.07,-70.43908333333334,4345,12,102.80986350217273
MAÑAZO,-14.800555555555556,-70.06658333333333,3910,1,160.7750565306435
MAÑAZO,-14.800555555555556,-70.06658333333333,3910,2,142.02855196818604
MAÑAZO,-14.800555555555556,-70.06658333333333,3910,3,113.23142402146264
MAÑAZO,-14.800555555555556,-70.06658333333333,3910,4,47.98152086557471
MAÑAZO,-14.800555555555556,-70.06658333333333,3910,5,7.612562329522653
MAÑAZO,-14.800555555555556,-70.06658333333333,3910,6,4.703505141482491
MAÑAZO,-14.800555555555556,-70.06658333333333,3910,7,3.3753240719754407
MAÑAZO,-14.800555555555556,-70.06658333333333,3910,8,7.4555539739178895
MAÑAZO,-14.800555555555556,-70.06658333333333,3910,9,17.53719800405952
MAÑAZO,-14.800555555555556,-70.06658333333333,3910,10,33.833151061139155
MAÑAZO,-14.800555555555556,-70.06658333333333,3910,11,52.34187131597743
MAÑAZO,-14.800555555555556,-70.06658333333333,3910,12,105.3047855589306
PAMPA BLANCA,-17.071608333333334,-71.724525,108,1,1.0139873071738326
PAMPA BLANCA,-17.071608333333334,-71.724525,108,2,0.7043951825836056
PAMPA BLANCA,-17.071608333333334,-71.724525,108,3,0.24001414225343823
PAMPA BLANCA,-17.071608333333334,-71.724525,108,4,0.08718809718828772
PAMPA BLANCA,-17.071608333333334,-71.724525,108,5,0.2391511898946229
PAMPA BLANCA,-17.071608333333334,-71.724525,108,6,0.2557521339233373
PAMPA BLANCA,-17.071608333333334,-71.724525,108,7,0.4455499883065804
PAMPA BLANCA,-17.071608333333334,-71.724525,108,8,0.7880108356353333
PAMPA BLANCA,-17.071608333333334,-71.724525,108,9,0.6875560127492547
PAMPA BLANCA,-17.071608333333334,-71.724525,108,10,0.21192748555860155
PAMPA BLANCA,-17.071608333333334,-71.724525,108,11,0.18553670933422936
PAMPA BLANCA,-17.071608333333334,-71.724525,108,12,0.5366416793715254
PAUCARAY,-14.043783333333334,-73.63881388888889,3238,1,142.66774830296652
PAUCARAY,-14.043783333333334,-73.63881388888889,3238,2,152.24236881226352
PAUCARAY,-14.043783333333334,-73.63881388888889,3238,3,129.80207508045646
PAUCARAY,-14.043783333333334,-73.63881388888889,3238,4,49.04621254913154
PAUCARAY,-14.043783333333334,-73.63881388888889,3238,5,12.609627323280536
PAUCARAY,-14.043783333333334,-73.63881388888889,3238,6,11.283227186573265
PAUCARAY,-14.043783333333334,-73.63881388888889,3238,7,11.99487447498338
PAUCARAY,-14.043783333333334,-73.63881388888889,3238,8,15.753793458449579
PAUCARAY,-14.043783333333334,-73.63881388888889,3238,9,24.008092841624396
PAUCARAY,-14.043783333333334,-73.63881388888889,3238,10,39.90226229320154
PAUCARAY,-14.043783333333334,-73.63881388888889,3238,11,49.72739180961196
PAUCARAY,-14.043783333333334,-73.63881388888889,3238,12,97.37283159213882
PIZACOMA,-16.90434722222222,-69.36952777777778,3930,1,166.24922565045816
PIZACOMA,-16.90434722222222,-69.36952777777778,3930,2,141.81249415814503
PIZACOMA,-16.90434722222222,-69.36952777777778,3930,3,95.50109613272102
PIZACOMA,-16.90434722222222,-69.36952777777778,3930,4,31.40153963722895
PIZACOMA,-16.90434722222222,-69.36952777777778,3930,5,4.778077818146759
PIZACOMA,-16.90434722222222,-69.36952777777778,3930,6,4.9714303999305
PIZACOMA,-16.90434722222222,-69.36952777777778,3930,7,3.9485658368995415
PIZACOMA,-16.90434722222222,-69.36952777777778,3930,8,7.277764575213011
PIZACOMA,-16.90434722222222,-69.36952777777778,3930,9,11.696537485467935
PIZACOMA,-16.90434722222222,-69.36952777777778,3930,10,21.85572583742845
PIZACOMA,-16.90434722222222,-69.36952777777778,3930,11,36.926066864678425
PIZACOMA,-16.90434722222222,-69.36952777777778,3930,12,104.39206451974565
PUCARA,-15.045666666666667,-70.36663888888889,3877,1,155.9285877410449
PUCARA,-15.045666666666667,-70.36663888888889,3877,2,132.22962962962964
PUCARA,-15.045666666666667,-70.36663888888889,3877,3,118.2357502247624
PUCARA,-15.045666666666667,-70.36663888888889,3877,4,50.81519204490102
PUCARA,-15.045666666666667,-70.36663888888889,3877,5,9.808703600531134
PUCARA,-15.045666666666667,-70.36663888888889,3877,6,4.5879093555074135
PUCARA,-15.045666666666667,-70.36663888888889,3877,7,3.45
PUCARA,-15.045666666666667,-70.36663888888889,3877,8,8.91633709836958
PUCARA,-15.045666666666667,-70.36663888888889,3877,9,23.685571745841344
PUCARA,-15.045666666666667,-70.36663888888889,3877,10,56.62854685456524
PUCARA,-15.045666666666667,-70.36663888888889,3877,11,63.99566824202528
PUCARA,-15.045666666666667,-70.36663888888889,3877,12,118.68302362705401
PUNTA ATICO,-16.231741666666665,-73.696375,30,1,1.8551610863656953
PUNTA ATICO,-16.231741666666665,-73.696375,30,2,0.9768344865550278
PUNTA ATICO,-16.231741666666665,-73.696375,30,3,0.6834755593753649
PUNTA ATICO,-16.231741666666665,-73.696375,30,4,0.21491663355867074
PUNTA ATICO,-16.231741666666665,-73.696375,30,5,0.13473281066002712
PUNTA ATICO,-16.231741666666665,-73.696375,30,6,0.14103337368389862
PUNTA ATICO,-16.231741666666665,-73.696375,30,7,0.3857229597318257
PUNTA ATICO,-16.231741666666665,-73.696375,30,8,0.6115528375675066
PUNTA ATICO,-16.231741666666665,-73.696375,30,9,0.6052004456433032
PUNTA ATICO,-16.231741666666665,-73.696375,30,10,0.44631191986980545
PUNTA ATICO,-16.231741666666665,-73.696375,30,11,1.3824680044509428
PUNTA ATICO,-16.231741666666665,-73.696375,30,12,1.3074603489959378
PUNTA COLES,-17.698611111111113,-71.37330555555555,25,1,0.3147691311378034
PUNTA COLES,-17.698611111111113,-71.37330555555555,25,2,0.17859228516251122
PUNTA COLES,-17.698611111111113,-71.37330555555555,25,3,0.09856442275907623
PUNTA COLES,-17.698611111111113,-71.37330555555555,25,4,0.1238401840015268
PUNTA COLES,-17.698611111111113,-71.37330555555555,25,5,0.1687229137522411
PUNTA COLES,-17.698611111111113,-71.37330555555555,25,6,0.29926534884681855
PUNTA COLES,-17.698611111111113,-71.37330555555555,25,7,0.4956578688050734
PUNTA COLES,-17.698611111111113,-71.37330555555555,25,8,0.364005485804964
PUNTA COLES,-17.698611111111113,-71.37330555555555,25,9,0.787176911951546
PUNTA COLES,-17.698611111111113,-71.37330555555555,25,10,0.4284774656053286
PUNTA COLES,-17.698611111111113,-71.37330555555555,25,11,0.1259414688065372
PUNTA COLES,-17.698611111111113,-71.37330555555555,25,12,0.08607724505672228
SANTO TOMAS,-14.399444444444445,-72.0886111111111,3253,1,173.44527367715713
SANTO TOMAS,-14.399444444444445,-72.0886111111111,3253,2,161.2665497028824
SANTO TOMAS,-14.399444444444445,-72.0886111111111,3253,3,151.83206371781276
SANTO TOMAS,-14.399444444444445,-72.0886111111111,3253,4,54.248294095044876
SANTO TOMAS,-14.399444444444445,-72.0886111111111,3253,5,9.70293538828286
SANTO TOMAS,-14.399444444444445,-72.0886111111111,3253,6,5.4443474134085585
SANTO TOMAS,-14.399444444444445,-72.0886111111111,3253,7,4.546630839608934
SANTO TOMAS,-14.399444444444445,-72.0886111111111,3253,8,9.436425045266136
SANTO TOMAS,-14.399444444444445,-72.0886111111111,3253,9,21.399191008381234
SANTO TOMAS,-14.399444444444445,-72.0886111111111,3253,10,51.89939862655585
SANTO TOMAS,-14.399444444444445,-72.0886111111111,3253,11,68.12810158787383
SANTO TOMAS,-14.399444444444445,-72.0886111111111,3253,12,127.64802074247478
SICUANI,-14.23736111111111,-71.23669444444444,3534,1,139.22608195193624
SICUANI,-14.23736111111111,-71.23669444444444,3534,2,130.6666393227132
SICUANI,-14.23736111111111,-71.23669444444444,3534,3,113.67142024189003
SICUANI,-14.23736111111111,-71.23669444444444,3534,4,53.66408860582181
SICUANI,-14.23736111111111,-71.23669444444444,3534,5,10.883768722797164
SICUANI,-14.23736111111111,-71.23669444444444,3534,6,5.419087086432072
SICUANI,-14.23736111111111,-71.23669444444444,3534,7,4.435092407389496
SICUANI,-14.23736111111111,-71.23669444444444,3534,8,8.135346173157073
SICUANI,-14.23736111111111,-71.23669444444444,3534,9,18.083845329738097
SICUANI,-14.23736111111111,-71.23669444444444,3534,10,45.5990148895254
SICUANI,-14.23736111111111,-71.23669444444444,3534,11,70.77632627774146
SICUANI,-14.23736111111111,-71.23669444444444,3534,12,110.85911493778397
TAMBOBAMBA,-13.944916666666668,-72.17522222222223,3317,1,205.49462144211424
TAMBOBAMBA,-13.944916666666668,-72.17522222222223,3317,2,194.19693781988659
TAMBOBAMBA,-13.944916666666668,-72.17522222222223,3317,3,160.29042178854718
TAMBOBAMBA,-13.944916666666668,-72.17522222222223,3317,4,65.00785400138595
TAMBOBAMBA,-13.944916666666668,-72.17522222222223,3317,5,14.452157430485588
TAMBOBAMBA,-13.944916666666668,-72.17522222222223,3317,6,9.229982831719074
TAMBOBAMBA,-13.944916666666668,-72.17522222222223,3317,7,6.626905087272287
TAMBOBAMBA,-13.944916666666668,-72.17522222222223,3317,8,12.630378612171157
TAMBOBAMBA,-13.944916666666668,-72.17522222222223,3317,9,26.414226570875503
TAMBOBAMBA,-13.944916666666668,-72.17522222222223,3317,10,62.159260563248296
TAMBOBAMBA,-13.944916666666668,-72.17522222222223,3317,11,94.50774754483822
TAMBOBAMBA,-13.944916666666668,-72.17522222222223,3317,12,161.10734764505764
UBINAS,-16.372055555555555,-70.85394444444444,3380,1,90.70238290236352
UBINAS,-16.372055555555555,-70.85394444444444,3380,2,91.21372012998727
UBINAS,-16.372055555555555,-70.85394444444444,3380,3,60.69789682157752
UBINAS,-16.372055555555555,-70.85394444444444,3380,4,16.566738380118
UBINAS,-16.372055555555555,-70.85394444444444,3380,5,2.0468418254821685
UBINAS,-16.372055555555555,-70.85394444444444,3380,6,2.275406858590259
UBINAS,-16.372055555555555,-70.85394444444444,3380,7,2.364893657274689
UBINAS,-16.372055555555555,-70.85394444444444,3380,8,3.554916511809792
UBINAS,-16.372055555555555,-70.85394444444444,3380,9,3.4561017348305083
UBINAS,-16.372055555555555,-70.85394444444444,3380,10,5.0116897604804915
UBINAS,-16.372055555555555,-70.85394444444444,3380,11,7.497571145384735
UBINAS,-16.372055555555555,-70.85394444444444,3380,12,33.97962962962963
