estacion,z_p_01,z_p_02,z_p_03,z_p_04,z_p_05,z_p_06,z_p_07,z_p_08,z_p_09,z_p_10,z_p_11,z_p_12,z_altitud,z_ppt_anual,z_frac_djfm,z_cv_mensual
ANANEA,0.07324650029753013,-0.12701146761140372,0.09226008456967033,0.5665603513333073,1.2787682368936462,1.354446518525336,1.505954505339089,1.2457789927224154,0.881624270771088,0.6436153542114867,0.5743452144897567,0.29562555559529274,1.2392032097269738,0.29529465773731434,-0.3044389975231857,-0.889233743326352
ANDAHUAYLAS,0.06097292367051999,0.1520978194902513,0.2354677888180604,0.3382940949052821,1.7352334446122022,1.7447409757096277,2.2319349319879564,1.8474366047499335,1.342219652662992,0.6019808047949219,0.3834421109969558,0.14212936616742558,-0.0833643881851495,0.35188465723620616,-0.2700741561638796,-0.8902631897788622
ANTA ANCACHURO,0.6348435622816795,0.5083669101170714,0.5906083106800892,0.5829194662839776,0.3139281582753766,0.32208339224359783,0.4078342234007194,0.13188177760837647,0.4062693985445384,1.0494945344428883,1.5785104873258744,0.9291413983206246,0.2548297775205132,0.7707146753104225,-0.045442497407176534,-0.3725264523636198
AYMARAES,0.6290417195349012,0.6784407101846452,0.6063501375976981,0.3808046401327704,0.4583443479762214,0.4850375165569421,0.6019760316442597,0.5916697123353682,0.45117878721745364,0.44348378830411467,0.05855327010070422,0.3228040222987845,-0.010420548523143813,0.5153637417746604,0.2621376966853218,-0.013378655062547777
CANDARAVE,-0.8663332979851689,-0.7723385526745848,-1.089832826053809,-1.3675103590364635,-1.1156824863665393,-1.125336018705013,-0.8192978405029104,-1.0783026672485487,-1.2386994305357861,-1.2404259889671267,-1.1966675039588281,-1.1827097979289112,0.3366152947173075,-1.0880211761236736,1.2967991291494159,2.1958372544929268
CARAVELI,-1.6376310122693518,-1.6378873866121777,-1.5976923265839063,-1.4874048186928066,-1.2167693841799436,-1.2766013832596406,-1.243169911622425,-1.2858657268046711,-1.2888723541694438,-1.2754468238404288,-1.2635787540265908,-1.4708013060414695,-0.9012195601530921,-1.5705385899216955,1.018557611083052,1.848380420346466
CAYLLOMA,0.7580806098612989,0.9518831610431355,0.7979846949074374,0.6652772307693996,0.23169624833766997,0.26439635076429807,0.1650394288375577,0.08996335402984314,0.051859393041463926,0.08638722919310522,0.07548234599177835,0.4951341750749221,0.9938466581365911,0.6161606963894195,0.4201039754512292,0.2295529582736902
CORA CORA,-0.1963618937677479,0.25592377905775765,0.2141368816739686,-0.5039384411599112,-0.7328930488981815,-0.5338642267037864,-0.5435442100208343,-0.7990353938848053,-0.5928475112855937,-0.915921033574652,-0.9768996376015295,-0.7342128290818708,0.16346577632769804,-0.32755975758572486,0.9098636475773187,1.2825286548190207
COTAHUASI,-0.6236221396796995,-0.337710013068245,-0.40789579662058767,-0.8253567308678574,-0.9384216260746676,-0.8539954153991869,-0.8711761307102949,-0.9897794003598123,-1.0984955760026411,-1.0624166032715743,-1.0918212255389472,-0.9881184904779017,-0.2174631641294428,-0.7433869079189008,1.0097957545392884,1.4902189694656325
CURPAHUASI,1.1383098839626564,1.4360422874742202,1.448876470984249,0.7203896072260528,0.26013365936608707,0.6881133408912278,0.42230380503322923,0.6676362377811593,0.5518506712542808,0.7664433200660915,0.779115577937397,1.0052329357103196,0.4102959408405456,1.128453744922398,0.33372475314589106,0.06901541212552
GRANJA KAYRA,0.45261702060233194,0.19864705145710843,0.19361218845640657,0.3558856594054029,0.07623719225715048,-0.17590001226290886,-0.28311741991690587,-0.2834866173327379,0.3025483731601963,0.7023166902919676,1.0672054441286225,0.7014771008163875,0.17378106678495137,0.45677702442148455,0.016422347294474157,-0.27581793627713586
GRANJA SAN ANTONIO,1.2754824908976836,1.4583885273551749,1.1683676332646138,1.1530551905350188,1.2305976445685958,1.0774476814684435,1.0730364050511516,1.5309497046335392,1.1465915542200782,1.2418222358747548,1.2634976981638462,1.2065203710790533,-0.1518873890797609,1.320870752591278,0.08489962810375445,-0.27403947014576213
HUAMBO,-0.6440742714975181,-0.5336749356347613,-0.5905088006741898,-0.9169750844219946,-1.034824825448591,-0.9348737679959084,-0.9443355928628134,-0.9157512792175375,-1.0753572589657778,-1.0635554751809382,-1.1213179569644536,-0.9881397343070081,0.24598809998572468,-0.8248179453824266,1.0141553559407934,1.4384639364836809
HUARAYA MOHO,1.1443758546535512,0.5107111746063714,0.5862335444135389,1.2142160758776162,2.0701683325264906,1.227723946687467,0.8144299482898308,1.338898401702692,2.1172457030979337,1.3331380492282767,0.8523515094123364,1.1591815832025019,0.6718622345780407,1.025361529129892,-0.12341547033667168,-0.56203779041836
IMATA,0.29370459416117506,0.27391903014857927,0.1731858205105417,-0.05527478260746511,-0.5427886099674782,-0.6311566584690192,-0.4402022451447295,-0.4437191138642061,-0.5625294771583952,-0.6299742678117959,-0.4511844561693508,-0.1270266689074662,1.1028940143989834,-0.01911740758085002,0.663301084807633,0.6711232200763434
LA YARADA,-1.7850600364463456,-1.8191244790932701,-1.7562585762755096,-1.5455279041644658,-1.2208796038857068,-1.2740910767607878,-1.077537247423302,-1.2601505443344845,-1.2803610905998781,-1.2870277871303337,-1.2701674540174273,-1.4986733402885397,-2.172210705778949,-1.6686316654291589,-2.6625006723019076,-1.6025267562375225
MACUSANI,0.23696308457733595,0.030768946434308695,0.22404667426294017,0.4338904376627364,0.7722535236534014,0.5692876857248969,0.36838942573510625,0.31583906367619985,0.6212536628245156,0.6929747559110893,0.636435055422123,0.4983468629892998,1.007109174438774,0.36144510965171517,-0.08986189506771891,-0.5452902258958127
MAÑAZO,0.6451067331351206,0.5077148695453834,0.45526771906342567,0.7048111871111624,0.027479500169848847,-3.476299681407957e-4,-0.26686299615028364,0.06241179501622309,0.3146345800145449,0.21180873861786892,0.38414166391045756,0.5469045019743487,0.6865983638026883,0.500866579139473,0.24467270108821146,-0.02470462970781034
PAMPA BLANCA,-1.7747651149346688,-1.8132821193166426,-1.7564242456646921,-1.5480877865679534,-1.2300599989130578,-1.3138428369049788,-1.1960686829109266,-1.2457805512428886,-1.2725987970338188,-1.2876731354938025,-1.2678522755411645,-1.4921546717812364,-2.114739801802823,-1.6656222052363823,-1.4430319077410234,-1.4413936329344272
PAUCARAY,0.37083862991413247,0.6754585779041457,0.7796213653863545,0.7548931626294254,0.8797318010570103,1.9427533818270695,2.4669093095167596,1.6905517494111415,0.9241917605676875,0.4824866413416384,0.3013309309110935,0.3925281533736995,0.1914644218545285,0.6270387914593579,0.009598320032954183,-0.4636604789515887
PIZACOMA,0.7280229768044916,0.5041665057133878,0.10821457789591982,-0.07509366872210964,-0.4559434590405497,0.07877514105594077,-0.08505392396777933,0.027528971492168455,-0.23555463610637714,-0.3223756280250696,-0.10413681112780862,0.5291405888313486,0.701334493027336,0.29584876330890664,0.5768821222372407,0.5010369472732574
PUCARA,0.5716981521616551,0.3467850627864073,0.553222316360233,0.8381040951159733,0.4020326535965578,-0.03448498214626574,-0.2431788160725982,0.3490219096145081,0.8938103288261062,1.228466646043644,0.7532627311523808,0.807279631773852,0.6622837505820198,0.6601403025304441,-0.02582310638724798,-0.425286234257504
PUNTA ATICO,-1.7620240087471932,-1.8088077900968715,-1.747743939312519,-1.5420795707339432,-1.2478686133835033,-1.3477211888422713,-1.215043393446982,-1.280402149891892,-1.280356677288113,-1.2772197618968095,-1.2299408068694198,-1.4771525459307815,-2.172210705778949,-1.6551183305206782,-0.9180414244640004,-1.030282049763448
PUNTA COLES,-1.7853560454290156,-1.8219174932640754,-1.7591929801052408,-1.5463637110042732,-1.2420715818051833,-1.300992663088387,-1.1801764925300164,-1.32897169705434,-1.263214525466091,-1.278015165456235,-1.2697398885591116,-1.5009238215355143,-2.175894738085111,-1.67165833653207,-3.016652405952517,-1.1630251205182611
SANTO TOMAS,0.8370202069920878,0.8236646394187929,1.2108359940415718,0.9995935999955575,0.3839938243313965,0.21843537610644845,0.10462807392680576,0.4510647546926642,0.6784336566684007,1.0175501089953647,0.8841529651769946,0.9817616731079608,0.20251651877301421,0.948778634996764,0.14567437166309782,-0.21951110621649772
SICUANI,0.3187083358832524,0.3211157371842949,0.4638801977135311,0.9721131890364323,0.5853856268317014,0.21097558273373143,0.0692526004087657,0.19578910261627813,0.3661286640573237,0.7365576224373563,0.9680325393641395,0.6550061238474152,0.4095591343793132,0.5486612302905001,-0.07275977901948408,-0.4767870737575597
TAMBOBAMBA,1.3224658464234047,1.3644874782033587,1.3763997532674734,1.505711966597691,1.1939763676737996,1.3363962810196384,0.7644068165013425,1.0777282083630064,1.1508491439517854,1.4751324147188394,1.7196989362359725,1.632966752648459,0.2496721322918866,1.4917318992050352,0.030200299575566657,-0.3661795056702525
UBINAS,-0.41627130505809695,-0.3268280307523593,-0.5730226625772668,-0.7729070966385603,-0.9217573241637556,-0.7174053108083682,-0.5873306023897731,-0.7029051992095943,-1.0118022662684718,-1.0736072638246421,-1.0362517103458024,-0.8412675905309976,0.29609093934952657,-0.6809204678637135,0.935253513989573,1.3097862779267926
